Coin number,Coin name
1,bitcoin
2,ethereum
3,tether
4,bnb
5,usd-coin
6,xrp
7,solana
8,terra
9,cardano
10,avalanche
11,polkadot
12,dogecoin
13,terrausd
14,binance-usd
15,shiba-inu
16,wrapped-bitcoin
17,near
18,lido-staked-ether
19,cronos
20,polygon
21,dai
22,bonded-luna
23,litecoin
24,tron
25,cosmos-hub
26,chainlink
27,bitcoin-cash
28,ftx-token
29,leo-token
30,monero
31,okb
32,stellar
33,algorand
34,ethereum-classic
35,uniswap
36,apecoin
37,vechain
38,hedera
39,internet-computer
40,filecoin
41,elrond
42,axie-infinity
43,theta-network
44,the-sandbox
45,decentraland
46,compound-ether
47,fantom
48,magic-internet-money
49,tezos
50,thorchain
51,pancakeswap
52,frax
53,klaytn
54,the-graph
55,eos
56,aave
57,defichain
58,flow
59,zcash
60,kucoin-shares
61,compound-usd-coin
62,osmosis
63,waves
64,stepn
65,iota
66,frax-share
67,theta-fuel
68,helium
69,bittorrent
70,ecash
71,convex-finance
72,chain
73,zilliqa
74,maker
75,huobi-btc
76,bitcoin-sv
77,cdai
78,kusama
79,neo
80,quant
81,huobi-token
82,arweave
83,gala
84,harmony
85,enjin-coin
86,true-usd
87,celo
88,nexo
89,radix
90,synthetix-network-token
91,stacks
92,loopring
93,chiliz
94,bitdao
95,basic-attention-token
96,dash
97,mina-protocol
98,amp
99,pax-dollar
100,decred
101,gatetoken
102,neutrino-usd
103,compound
104,celsius-network-token
105,nem
106,moonbeam
107,kadena
108,curve-dao-token
109,holo
110,lido-dao
111,secret
112,kava
113,juno-network
114,link
115,compound-usdt
116,oasis-network
117,0x
118,audius
119,ecomi
120,oec-token
121,anchor-protocol
122,iotex
123,qtum
124,nexus-mutual
125,xdc-network
126,sushi
127,marinade-staked-sol
128,yearn-finance
129,iost
130,serum
131,skale
132,omg-network
133,smooth-love-potion
134,ankr
135,livepeer
136,1inch
137,gnosis
138,pocket-network
139,pax-gold
140,sxp
141,bitcoin-gold
142,icon
143,bancor-network
144,synapse
145,astar
146,bitkub-coin
147,ravencoin
148,acala
149,fei-usd
150,wax
151,xido-finance
152,siacoin
153,dogelon-mars
154,sapphire
155,radio-caca
156,rocket-pool
157,just
158,ontology
159,liquity-usd
160,tether-gold
161,olympus
162,render-token
163,constellation
164,looksrare
165,woo-network
166,apenft
167,kyber-network-crystal
168,renbtc
169,songbird
170,everscale
171,horizen
172,immutable-x
173,convex-crv
174,astroport
175,dydx
176,golem
177,trust-wallet-token
178,velas
179,rally
180,lisk
181,swissborg
182,uma
183,everdome
184,safemoon
185,deso
186,polymath
187,digibyte
188,baby-doge-coin
189,nucypher
190,plex
191,ren
192,spell-token
193,casper-network
194,tomb
195,hive
196,ethereum-name-service
197,ceek-smart-vr-token
198,pirate-chain
199,telcoin
200,lido-staked-sol
201,mobox
202,nervos-network
203,illuvium
204,vvs-finance
205,playdapp
206,defi-kingdoms
207,flux
208,syscoin
209,perpetual-protocol
210,husd
211,winklink
212,vulcan-forged
213,mimatic
214,flex-coin
215,titanswap
216,keep-network
217,origin-protocol
218,tenset
219,maple
220,injective
221,persistence
222,coin98
223,safemoon-old
224,celer-network
225,nano
226,wazirx
227,conflux
228,ultra
229,zoid-pay
230,raydium
231,gmx
232,biswap
233,joe
234,status
235,mxc
236,dent
237,zipmex-token
238,dao-maker
239,constitutiondao
240,meerkat-shares
241,e-radix
242,xsushi
243,floki-inu
244,dopex
245,mx-token
246,staked-luna
247,tribe
248,coti
249,ocean-protocol
250,medibloc
251,chia
252,energy-web-token
253,function-x
254,aurora
255,coinex-token
256,chromia
257,mmfinance
258,kyber-network-legacy
259,api3
260,metis-token
261,pundi-x
262,orbs
263,escoin-token
264,xyo-network
265,fetch-ai
266,benqi-liquid-staked-avax
267,moonriver
268,ardor
269,digitalbits
270,power-ledger
271,multichain
272,euro-tether
273,ergo
274,tokemak
275,steem
276,gemini-dollar
277,reserve-rights-token
278,pundi-x-old
279,origintrail
280,milk-alliance
281,mirror-protocol
282,civic
283,boba-network
284,creditcoin
285,merit-circle
286,mask-network
287,ronin
288,mdex
289,divi
290,cratos
291,ufo-gaming
292,cartesi
293,akash-network
294,klever
295,radicle
296,vethor-token
297,bezoge-earth
298,alchemix-usd
299,ark
300,lukso-token
301,stormx
302,tomb-shares
303,superfarm
304,poollotto-finance
305,metahero
306,telos
307,alpha-venture-dao
308,reef-finance
309,verge
310,railgun
311,yield-guild-games
312,tokamak-network
313,seth2
314,request
315,bakeryswap
316,balancer
317,ellipsis
318,usdx
319,biconomy
320,xsgd
321,aragon
322,insure-defi
323,dero
324,rari-governance-token
325,league-of-kingdoms
326,storj
327,sun-token
328,metal
329,aelf
330,gpex
331,numeraire
332,band-protocol
333,stratis
334,ascendex-token
335,btse-token
336,bifrost
337,beta-finance
338,hxro
339,keep3rv1
340,iexec-rlc
341,alchemy-pay
342,redacted-cartel
343,shiba-predator
344,mango
345,orchid-protocol
346,quarkchain
347,ankr-reward-bearing-staked-eth
348,yoshiexchange
349,prometeus
350,maidsafecoin
351,dopex-rebate-token
352,susd
353,dawn-protocol
354,metadium
355,venus
356,nkn
357,flexusd
358,stp-network
359,rmrk
360,kishu-inu
361,gxchain
362,dusk-network
363,victoria-vr
364,beldex
365,stasis-euro
366,dodo
367,strike
368,truefi
369,world-mobile-token
370,iron-bank-euro
371,keeperdao
372,coinmetro
373,singularitynet
374,deapcoin
375,interest-bearing-bitcoin
376,savanna
377,alien-worlds
378,btc-standard-hashrate-token
379,wrapped-centrifuge
380,polkastarter
381,sperax
382,kirobo
383,sifchain
384,rsk-infrastructure-framework
385,beefyfinance
386,adshares
387,my-neighbor-alice
388,utrust
389,aavegotchi
390,neutrino-system-base-token
391,platon-network
392,funtoken
393,jasmycoin
394,starlink
395,everipedia
396,qredo
397,hathor
398,veritaseum
399,proton
400,kardiachain
401,hoo-token
402,orion-protocol
403,kava-swap
404,sbtc
405,gains-farm
406,seedifyfund
407,marlin
408,unibright
409,stargaze
410,hydra
411,jpeg'd
412,feg-token-bsc
413,decentral-games
414,shapeshift-fox-token
415,aioz-network
416,gensokishi-metaverse
417,propy
418,bitrue-coin
419,wonderland
420,tomochain
421,hermez-network
422,idex
423,dei-token
424,xmon
425,nym
426,linear
427,augur
428,spookyswap
429,wilder-world
430,alchemix
431,bounce
432,covalent
433,cult-dao
434,electroneum
435,feg-token
436,alpaca-finance
437,c0x
438,ampleforth
439,adventure-gold
440,thundercore
441,cbat
442,cuni
443,dvision-network
444,aergo
445,seth
446,wanchain
447,xcad-network
448,klima-dao
449,hunt
450,verasity
451,aave-[old]
452,karura
453,badger-dao
454,origin-dollar
455,clover-finance
456,safepal
457,kilt-protocol
458,benqi
459,cocos-bcx
460,aurory
461,superrare
462,phantasma
463,certik
464,defi-pulse-index
465,ion
466,allianceblock
467,gitcoin
468,automata
469,regen
470,enzyme
471,swarm
472,district0x
473,alethea-artificial-liquid-intelligence-token
474,e-money
475,hifi-finance
476,blox
477,carry
478,bonfida
479,magic
480,tornado-cash
481,rizon
482,wrapped-nxm
483,peakdefi
484,nerve-finance
485,alpine-f1-team-fan-token
486,index-coop---eth-2x-flexible-leverage-index
487,loom-network-(old)
488,everrise
489,vectorspace-ai
490,ageur
491,platoncoin
492,dash-diamond
493,trustswap
494,celo-dollar
495,sovryn
496,dfimoney
497,bitcoin-diamond
498,alpha-quark-token
499,sai
500,uquid-coin
501,gains-network
502,efforce
503,singularitydao
504,irisnet
505,pylon-protocol
506,gas
507,umee
508,redfox-labs
509,cvaultfinance
510,velo
511,travalacom
512,dock
513,decentral-games-governance
514,sharetoken
515,lto-network
516,verus-coin
517,komodo
518,chainx
519,mad-bucks
520,quickswap
521,avalaunch
522,arpa-chain
523,maps
524,boson-protocol
525,presearch
526,flamingo-finance
527,templedao
528,toucan-protocol:-base-carbon-tonne
529,thorchain-(erc20)
530,concordium
531,hector-finance
532,syntropy
533,handshake
534,lcx
535,vega-protocol
536,somnium-space-cubes
537,harvest-finance
538,splinterlands
539,phala-network
540,kin
541,samoyedcoin
542,bitshares
543,ethernity-chain
544,shibadoge
545,guildfi
546,platypus-finance
547,refereum
548,circuits-of-value
549,qanplatform
550,socean-staked-sol
551,vader-protocol
552,zenon
553,deus-finance
554,cudos
555,doge-army-token
556,silent-notary
557,avinoc
558,saito
559,elastos
560,meter-governance
561,deversifi
562,mstable-usd
563,genesysgo-shadow
564,dia
565,bytecoin
566,haven
567,bzx-protocol
568,peony-coin
569,unifty
570,darkcrypto-share
571,crabada
572,woonkly-power
573,ambire-adex
574,derivadao
575,retreeb
576,shiden-network
577,xdefi
578,groestlcoin
579,tranchess
580,qi-dao
581,qash
582,manchester-city-fan-token
583,bitmart-token
584,rarible
585,ribbon-finance
586,genopets
587,boringdao-[old]
588,rai-reflex-index
589,tokocrypto
590,netvrk
591,nominex
592,alephim
593,rich-quack
594,map-protocol
595,fuse
596,contentos
597,polyswarm
598,ampleforth-governance-token
599,token-pocket
600,mossland
601,bluzelle
602,vai
603,market-making-pro
604,streamr-xdata
605,voxies
606,cortex
607,steem-dollars
608,mixmarvel
609,silo-finance
610,gridplus-[old]
611,oxygen
612,phoenix-global-[old]
613,koda-cryptocurrency
614,star-atlas
615,barnbridge
616,nest-protocol
617,selfkey
618,phonon-dao
619,sero
620,opendao
621,morpheus-network
622,kava-lend
623,coin-of-the-champions
624,nexus
625,quantstamp
626,bella-protocol
627,mad-meerkat-optimizer
628,impossible-finance-launchpad
629,litentry
630,fio-protocol
631,tellor
632,nftx
633,tectonic
634,terra-virtua-kolect
635,darkcrypto
636,newscrypto-coin
637,talken
638,aion
639,sentinel-protocol
640,bone-shibaswap
641,firo
642,six-network
643,nuls
644,fodl-finance
645,parsiq
646,vite
647,mantra-dao
648,catecoin
649,apollox
650,position-token
651,jet
652,axion
653,revv
654,aeternity
655,dola
656,locktrip
657,sipher
658,usdk
659,paris-saint-germain-fan-token
660,whale
661,ooki
662,gyen
663,zignaly
664,ref-finance
665,chronotech
666,mad-meerkat-etf
667,new-bitshares
668,apeswap
669,hi-dollar
670,frontier
671,bytom
672,planet-finance
673,celo-euro
674,ovr
675,snowblossom
676,ramp
677,bscpad
678,beam
679,revolution-populi
680,bepro-network
681,insurace
682,math
683,orca
684,kleros
685,green-satoshi-token
686,hypercash
687,stafi
688,hotbit-token
689,dxdao
690,cargox
691,unizen
692,crypterium
693,koinos
694,spool-dao-token
695,lattice-token
696,apollo-dao
697,gods-unchained
698,energi
699,kujira
700,tracer-dao
701,spectrum-token
702,pstake-finance
703,derace
704,moviebloc
705,altura
706,snowbank
707,civilization
708,freeway-token
709,reflexer-ungovernance-token
710,paraswap
711,naga
712,tower
713,get-protocol
714,hopr
715,the-doge-nft
716,uxd-stablecoin
717,measurable-data-token
718,starterra
719,tbtc
720,beethoven-x
721,rootkit
722,liquity
723,cream
724,oxen
725,solve
726,refinable
727,vires-finance
728,ki
729,kryll
730,mcontent
731,boringdao
732,vitadao
733,star-atlas-dao
734,index-cooperative
735,fusion
736,yield-app
737,box-token
738,rainicorn
739,sentinel
740,stratos
741,edgeware
742,rubic
743,mimo-governance-token
744,bosagora
745,clink
746,rai-finance
747,metronome
748,global-coin-research
749,bnb48-club-token
750,akropolis
751,seur
752,stader
753,dforce-token
754,universexyz
755,lossless
756,dextools
757,cow-protocol
758,ardana
759,eden
760,paid-network
761,terrakrw
762,instadapp
763,gamium
764,atletico-madrid-fan-token
765,dexe
766,nash
767,inverse-finance
768,ichi
769,unifi-protocol-dao
770,futureswap
771,aurox-token
772,pkt
773,vsystems
774,reserve
775,gifto
776,nimiq
777,cellframe
778,trias-token
779,numbers-protocol
780,popsicle-finance
781,pnetwork
782,waykichain
783,lunr-token
784,carbon-protocol
785,comdex
786,marketmove
787,gochain
788,3x-long-ethereum-token
789,polkadex
790,hedpay
791,spartacus
792,gemma-extending-tech
793,suku
794,oneledger
795,sx-network
796,opulous
797,delta-exchange-token
798,banana
799,hacken-token
800,marinade
801,friends-with-benefits-pro
802,zkspace
803,scprime
804,thorswap
805,yuan-chain-coin
806,lyra-finance
807,inter-milan-fan-token
808,swapxi-token
809,hbtc-captain-token
810,airswap
811,hot-cross
812,counterparty
813,lgcy-network
814,velaspad
815,polkaswap
816,sperax-usd
817,tokenlon
818,ptokens-btc
819,dotmoovs
820,gamezone
821,conscious-value-network
822,quantum-resistant-ledger
823,alkimi
824,polypad
825,occamfi
826,solanium
827,sandclock
828,lazio-fan-token
829,block-ape-scissors
830,vertcoin
831,dfx-finance
832,vecrv-dao-yvault
833,era-swap-token
834,adappter-token
835,reimagined-finance
836,step-finance
837,peardao
838,panther-protocol
839,hiblocks
840,stackos
841,fortube
842,bux-token
843,superbonds
844,putincoin
845,0chain
846,mithril
847,opacity
848,taboo-token
849,shyft-network
850,exeedme
851,lunar
852,gamercoin
853,aag-ventures
854,router-protocol
855,mute
856,ternoa
857,unilend-finance
858,wing-finance
859,chain-games
860,tranquil-finance
861,metaverse-index
862,paribus
863,elysia
864,aventus
865,ultiledger
866,luffy
867,permission-coin
868,media-licensing-token
869,stake
870,epic-cash
871,boringdao-btc
872,88mph
873,hubble
874,governance-zil
875,solend
876,usdp-stablecoin
877,rss3
878,unisocks
879,vivid-labs
880,calo
881,banano
882,popcorn
883,jade-protocol
884,atari
885,dora-factory
886,swftcoin
887,crypto-raiders
888,powerpool-concentrated-voting-power
889,glitch-protocol
890,saber
891,reddcoin
892,nfty-token
893,vidt-datalink
894,pac-protocol
895,orion-money
896,rupiah-token
897,epik-prime
898,sora
899,hoge-finance
900,erc20
901,wirex
902,spiritswap
903,lbry-credits
904,floordao
905,equilibria
906,rome
907,dose
908,santiment-network-token
909,liquiddriver
910,ekta
911,secret-finance
912,vempire-ddao
913,aragon-court
914,stake-dao
915,fc-barcelona-fan-token
916,premia
917,arianee
918,goldfinch
919,btu-protocol
920,symbiosis-finance
921,safe-haven
922,axel
923,dogebonk
924,xels
925,altair
926,bytz
927,dego-finance
928,cryptex-finance
929,wpp-token
930,ethereum-push-notification-service---epns
931,lootex
932,wegro
933,sentivate
934,e-money-eur
935,tulip-protocol
936,pibble
937,coinweb
938,paragonsdao
939,trisolaris
940,everest
941,santos-fc-fan-token
942,dope-wars-paper
943,neos-credits
944,offshift
945,bread
946,pangolin
947,coinzoom-token
948,pivx
949,trabzonspor-fan-token
950,flux-token
951,chain-guardians
952,manifold-finance
953,sylo
954,oraichain-token
955,fiat-dao-token
956,kylin-network
957,trustpad
958,enreachdao
959,mcdex
960,jones-dao
961,zombie-inu
962,congruent-dao-token
963,pbtc35a
964,troy
965,cake-monster
966,all-best-ico
967,polkamarkets
968,stronghold-token
969,bitcoinstaking
970,juventus-fan-token
971,cloutcontracts
972,obyte
973,unicrypt
974,mirrored-ether
975,apollo
976,lit
977,defi-land
978,gamestarter
979,angle
980,veed
981,nftrade
982,staked-kuji
983,dragonchain
984,umbrella-network
985,polkafoundry
986,arcblock
987,guild-of-guardians
988,terra-world-token
989,vfox
990,waltonchain
991,pluton
992,te-food
993,bent-finance
994,xfinite-entertainment-token
995,validity
996,vesper-finance
997,bontecoin
998,peercoin
999,pallapay
1000,alchemist
1001,bankless-dao
1002,geist-finance
1003,bridge$
1004,pandacoin
1005,openocean
1006,grin
1007,axia-coin
1008,blockchainspace
1009,bigshortbets
1010,#metahash
1011,kromatika
1012,new-order
1013,pendle
1014,monkeyleague
1015,vector-finance
1016,auto
1017,adapad
1018,gelato
1019,infinitecoin
1020,smart-valor
1021,spartan-protocol-token
1022,pawtocol
1023,valkyrie-protocol
1024,tokenclub
1025,likecoin
1026,wliti
1027,jupiter
1028,smartofgiving
1029,muse-dao
1030,mobius
1031,bitcoin-2
1032,betu
1033,blackpool-token
1034,yield-yak
1035,electra-protocol
1036,clearpool
1037,mork
1038,dsla-protocol
1039,nectar
1040,vvsp
1041,multivac
1042,birake
1043,thought
1044,apm-coin
1045,vent-finance
1046,sienna
1047,ubeswap
1048,dacxi
1049,asch
1050,gamma-strategies
1051,givingtoservices-svs
1052,polychain-monsters
1053,shopx
1054,morpheus-labs
1055,earthcoin
1056,arsenal-fan-token
1057,treasure-under-sea
1058,babb
1059,concave
1060,proximax
1061,signum
1062,torum
1063,chainge-finance
1064,shill-token
1065,gamee
1066,doge-dash
1067,satt
1068,strong
1069,vidya
1070,loop-finance
1071,mahadao
1072,uno-re
1073,zano
1074,cardstack
1075,onston
1076,fractal
1077,dexlab
1078,ac-milan-fan-token
1079,realm
1080,skey-network
1081,aquarius
1082,empire-capital-token
1083,lords
1084,foam
1085,sidus
1086,hapi
1087,polkabridge
1088,internxt
1089,bprotocol
1090,kuma-inu
1091,blockv
1092,steam-exchange
1093,polkacity
1094,bilira
1095,o3-swap
1096,xaya
1097,tronpad
1098,unicly-cryptopunks-collection
1099,drops-ownership-power
1100,shardus
1101,cirus
1102,fringe-finance
1103,veraone
1104,dovu
1105,zenlink-network-token
1106,dehub
1107,stronger
1108,k21
1109,mogul-productions
1110,stakewise
1111,stakeborg-dao
1112,robonomics-network
1113,radar
1114,invictus
1115,fibswap-dex
1116,digits-dao
1117,minds
1118,mstable-governance-token:-meta
1119,apyfinance
1120,eqifi
1121,mobility-coin
1122,bitnautic
1123,galatasaray-fan-token
1124,avocado-dao
1125,ix-swap
1126,mirrored-apple
1127,navcoin
1128,populous
1129,cardstarter
1130,dafi-protocol
1131,ignis
1132,cvi
1133,revomon
1134,nervenetwork
1135,acet
1136,hegic
1137,zb-token
1138,yeti-finance
1139,blockwallet
1140,wom-protocol
1141,thorstarter
1142,bao-finance
1143,strikex
1144,yieldly
1145,mint-club
1146,unmarshal
1147,yearn-lazy-ape
1148,notional-finance
1149,dappradar
1150,polydoge
1151,mirrored-tesla
1152,werewolf-coin
1153,bitkan
1154,zookeeper
1155,julswap
1156,blockchain-monster-hunt
1157,gains
1158,tempus
1159,woofy
1160,antimatter
1161,the-husl
1162,dhedge-dao
1163,minter
1164,aldrin
1165,mars4
1166,juggernaut
1167,poolz-finance
1168,wownero
1169,mirrored-amazon
1170,mysterium
1171,mirrored-google
1172,sakura
1173,gm
1174,annex-finance
1175,saffronfinance
1176,safemars
1177,abyss
1178,mirrored-ishares-silver-trust
1179,time-new-bank
1180,mirrored-microsoft
1181,dogegf
1182,ambrosus
1183,thales
1184,daohaus
1185,smartmesh
1186,neblio
1187,wasder
1188,curate
1189,rocketx-exchange
1190,infinity-pad
1191,receive-access-ecosystem
1192,nebulas
1193,vcgamers
1194,bogged-finance
1195,dragon-crypto-aurum
1196,ledgis
1197,sparkpoint
1198,mirrored-invesco-qqq-trust
1199,dollars
1200,nftb
1201,bbs-network
1202,bomb-money
1203,creampye-[old]
1204,etherisc-dip-token
1205,cola-token
1206,witnet
1207,kira-network
1208,babylon-finance
1209,rangers-protocol
1210,aladdin-dao
1211,raptoreum
1212,iqeon
1213,kalmar
1214,micropets
1215,shoppingio
1216,darkness-share
1217,0xbitcoin
1218,advertise-coin
1219,particl
1220,tarot
1221,scallop
1222,crust-network
1223,apwine
1224,xswap-protocol
1225,plotx
1226,oneart
1227,pointpay
1228,mobiecoin
1229,metasoccer
1230,smart-mfg
1231,fantohm
1232,metaverse-etp
1233,pleasure-coin
1234,swop
1235,gny
1236,sideshift-token
1237,gameswap
1238,bifi
1239,ispolink
1240,media-network
1241,only1
1242,trubadger
1243,cypherium
1244,mirrored-twitter
1245,kccpad
1246,mirrored-ishares-gold-trust
1247,nxt
1248,solrise-finance
1249,gamer
1250,darwinia-network-native-token
1251,xidr
1252,cropbytes
1253,ferrum-network
1254,suterusu
1255,scream
1256,safecoin
1257,lamden
1258,shirtum
1259,mt-pelerin-shares
1260,siren
1261,adax
1262,cwbtc
1263,thorwallet-dex
1264,zbg-token
1265,imperium-empires
1266,tethys-finance
1267,nft-art-finance
1268,probit-token
1269,bifrost-native-coin
1270,tetu
1271,cbcnetwork
1272,robot
1273,mirrored-united-states-oil-fund
1274,blocto-token
1275,moon-nation-game
1276,dfyn-network
1277,vita-inu
1278,netswap
1279,modefi
1280,port-finance
1281,green-planet
1282,pika
1283,rich
1284,scrooge
1285,ubxs-token
1286,tendieswap
1287,jarvis-reward-token
1288,charg-coin
1289,sunny-aggregator
1290,blockasset
1291,as-roma-fan-token
1292,cashaa
1293,spankchain
1294,naos-finance
1295,warden
1296,prism
1297,jackpot
1298,cumrocket
1299,dentacoin
1300,zeroswap
1301,btc-2x-flexible-leverage-index
1302,bomber-coin
1303,tontoken
1304,dimitra
1305,mirrored-alibaba
1306,percent
1307,convergence
1308,cloakcoin
1309,deri-protocol
1310,burency
1311,phoenix-global
1312,ame-chain
1313,gaia-everworld
1314,evolution-finance
1315,moeda-loyalty-points
1316,zmine
1317,solchicks-token
1318,ambire-wallet
1319,faraland
1320,pacoca
1321,seascape-crowns
1322,lambda
1323,labs-group
1324,nurifootball
1325,niftyx-protocol
1326,unicly
1327,uncl
1328,launchpool
1329,green-climate-world
1330,dinger-token
1331,connect-financial
1332,euphoria
1333,enterdao
1334,galaxy-fight-club
1335,decentral-games-(old)
1336,deepspace
1337,ston
1338,kintsugi
1339,aidos-kuneen
1340,safemoon-inu
1341,nunet
1342,realfevr
1343,enecuum
1344,pinknode
1345,allbridge
1346,cops-finance
1347,emanate
1348,fancy-games
1349,gro-dao-token
1350,public-mint
1351,futurecoin
1352,arc-governance
1353,bitcny
1354,bean
1355,salt
1356,monolith
1357,cope
1358,credmark
1359,lithium-finance
1360,göztepe-sk-fan-token
1361,fndz-token
1362,pegaxy-stone
1363,varen
1364,orclands-metaverse
1365,waves-ducks
1366,plian
1367,bscex
1368,wam
1369,fear
1370,onooks
1371,credits
1372,ufc-fan-token
1373,xend-finance
1374,pastel
1375,0x_nodes
1376,unix
1377,arable-protocol
1378,froyo-games
1379,armor
1380,decentral-games-ice
1381,oxbull-tech
1382,enjinstarter
1383,mercurial
1384,shibaverse
1385,locgame
1386,diamond
1387,peculium
1388,sonm
1389,bondly
1390,don-key
1391,zilswap
1392,tranche-finance
1393,binamon
1394,revuto
1395,saud
1396,geeq
1397,pooltogether
1398,jur
1399,mirrored-netflix
1400,spheroid-universe
1401,nifty-league
1402,magnet-dao
1403,oax
1404,fortknoxster
1405,dark-frontiers
1406,defibox
1407,wabi
1408,difyfinance
1409,exnetwork-token
1410,recast1
1411,kine-protocol
1412,belt
1413,tokpie
1414,oddz
1415,quadrant-protocol
1416,beekan-/-beenews
1417,meme
1418,reth2
1419,nft-protocol
1420,rebel-bots
1421,gton-capital
1422,deepbrain-chain
1423,tigercash
1424,wrapped-ampleforth
1425,swash
1426,newyorkcitycoin
1427,charli3
1428,oneswap-dao-token
1429,cache-gold
1430,paint-swap
1431,latoken
1432,kalao
1433,ioi-token
1434,affyn
1435,raiden-network-token
1436,idavoll-dao
1437,upbots
1438,unbound-finance
1439,vedao
1440,achain
1441,minidoge
1442,xtblock-token
1443,million
1444,kollect
1445,autobahn-network
1446,gather
1447,unidex
1448,blocknet
1449,duckdaodime
1450,zodium
1451,feisty-doge-nft
1452,firestarter
1453,adora-token
1454,azzure
1455,eco-value-coin
1456,xfund
1457,bitsong
1458,gyro
1459,1337
1460,tokenomy
1461,hara-token
1462,serey-coin
1463,woof
1464,bnpl-pay
1465,oduwa-coin
1466,lith-token
1467,babydoge-eth
1468,crypton
1469,vesta-finance
1470,solcial
1471,kommunitas
1472,ethereans
1473,viberate
1474,phuture
1475,equilibrium-eosdt
1476,luaswap
1477,litecoin-cash
1478,impossible-finance
1479,unslashed-finance
1480,fabric
1481,napoli-fan-token
1482,gerowallet
1483,degen-index
1484,finxflo
1485,cherryswap
1486,konomi-network
1487,roco-finance
1488,deblox
1489,digital-fitness
1490,lunaverse
1491,kattana
1492,league-of-ancients
1493,giveth
1494,bitcoin-pro
1495,ime-lab
1496,og-fan-token
1497,cap
1498,hyve
1499,ghost
1500,cerby-token
1501,friesdao
1502,sinverse
1503,biconomy-exchange-token
1504,crypto-carbon-energy
1505,synthetify-token
1506,riodefi
1507,safedeal
1508,tokenplace
1509,wagerr
1510,eqo
1511,slink
1512,digg
1513,oolongswap
1514,unido
1515,uniform-fiscal-object
1516,bibox-token
1517,filecoin-standard-full-hashrate
1518,revolve-games
1519,indexed-finance
1520,covesting
1521,botto
1522,mirrored-bitcoin
1523,etherrock-#72
1524,acent
1525,metavpad
1526,nearpad
1527,wall-street-games
1528,txa
1529,artery
1530,standard-protocol
1531,factom
1532,vabble
1533,big-data-protocol
1534,mist
1535,bedrock
1536,shopperoo
1537,arcona
1538,blackdragon-token
1539,unicly-bored-ape-yacht-club-collection
1540,oiler
1541,jetfuel-finance
1542,apricot
1543,1-up
1544,fief
1545,skycoin
1546,puli
1547,must
1548,game-fantasy-token
1549,darkness-dollar
1550,archangel
1551,ripio-credit-network
1552,starship
1553,kleekai
1554,unilayer
1555,anchorswap
1556,acryptos
1557,einsteinium
1558,xwin-finance
1559,tenx
1560,uniwhales
1561,stakecube
1562,smartcash
1563,genre
1564,kainet
1565,csp-dao-network
1566,billionhappiness
1567,metagods
1568,kuswap
1569,monsta-infinite
1570,heroes-&-empires
1571,tidal-finance
1572,lympo
1573,nord-finance
1574,minto
1575,swingby
1576,gridzoneio
1577,pickle-finance
1578,hodl-finance
1579,wagyuswap
1580,dogs-of-elon
1581,clucoin
1582,idena
1583,nftlaunch
1584,my-defi-pet
1585,airbloc
1586,brokoli
1587,mimas
1588,freedom-coin
1589,statera
1590,hundred-finance
1591,quidd
1592,atlas-dex
1593,charged-particles
1594,impermax
1595,chronicle
1596,compendiumfi
1597,monavale
1598,waterfall-governance-token
1599,opium
1600,xy-finance
1601,panda-girl
1602,dappnode
1603,cleardao
1604,bnktothefuture
1605,strips-finance
1606,mars-ecosystem-token
1607,gridcoin
1608,conceal
1609,vynk-chain
1610,elk-finance
1611,the-crypto-prophecies
1612,cybermiles
1613,smartlands-network
1614,meme-inu
1615,aurusdefi
1616,mass
1617,birdmoney
1618,nft-index
1619,roobee
1620,aurora-chain
1621,mover
1622,ideaology
1623,yelfinance
1624,idle
1625,sport-and-leisure
1626,qlc-chain
1627,bitcoinz
1628,bridge-mutual
1629,oxbull-solana
1630,primecoin
1631,genaro-network
1632,trueflip
1633,euler-tools
1634,unfederalreserve
1635,you-chain
1636,instar
1637,astroswap
1638,senate
1639,defi-for-you
1640,starname
1641,crosswallet
1642,total-crypto-market-cap
1643,intchain
1644,asian-fintech
1645,cube-intelligence
1646,polker
1647,monetha
1648,growth-defi
1649,maximizer
1650,vera
1651,degis
1652,launchzone
1653,citizen-finance-(old)
1654,garlicoin
1655,wirtual
1656,fedoracoin
1657,monk
1658,nabox
1659,smartcredit-token
1660,jumptoken
1661,niob
1662,voice-token
1663,bundles
1664,cutcoin
1665,jenny-metaverse-dao-token
1666,tierion
1667,electronic-gulden
1668,ridotto
1669,usechain
1670,inventoryclub
1671,revenue-coin
1672,kick
1673,husky-avax
1674,falcon-project
1675,hord
1676,blockzero-labs
1677,verisafe
1678,ternio
1679,phantasia
1680,unit-protocol-new
1681,dlp-duck-token
1682,communifty
1683,pawthereum
1684,decentr
1685,deeponion
1686,catapult
1687,cyberfi
1688,plastiks
1689,playnity
1690,pillar
1691,divergence-protocol
1692,signata
1693,blizz-finance
1694,kondux
1695,ubiq
1696,evidenz
1697,dxsale-network
1698,subx-finance-lab
1699,spacechain-(erc-20)
1700,musk-gold
1701,citadelone
1702,x
1703,zap
1704,julien
1705,vexanium
1706,hollygold
1707,amlt-network
1708,equalizer
1709,king-shiba
1710,solace
1711,xtoken
1712,advanced-technology-coin
1713,penguin-finance
1714,echidna
1715,life-crypto
1716,all-sports
1717,onino
1718,42-coin
1719,bloxmove-token
1720,otocash
1721,verso
1722,b-cubeai
1723,swerve
1724,okletsgo
1725,poa-network
1726,sdefi
1727,zyx
1728,gulden
1729,innovaminex
1730,warp-finance
1731,graphlinq-protocol
1732,relevant
1733,epik-protocol
1734,lightcoin
1735,bankless-bed-index
1736,dinox
1737,shuey-rhon-inu
1738,mintmecom-coin
1739,versoview
1740,jigstack
1741,kambria
1742,ojamu
1743,daex
1744,autonio
1745,viper
1746,rhythm
1747,doubloon
1748,unit-protocol
1749,cryptopolis
1750,yam
1751,rac
1752,ycash
1753,suncontract
1754,leverj-gluon
1755,plasma-finance
1756,run
1757,yf-link
1758,revest-finance
1759,honest
1760,templar-dao
1761,dappcom
1762,piedao-dough-v2
1763,leon-token
1764,xeta-reality
1765,axpire
1766,tap
1767,olyseum
1768,april
1769,unipilot
1770,zuki-moba
1771,relay-token
1772,makiswap
1773,defi-yield-protocol
1774,enigma
1775,goldcoin
1776,solarbeam
1777,exponential-capital
1778,linka
1779,matrix-ai-network
1780,wanswap
1781,roseon-finance
1782,polygonumonline
1783,singularity
1784,metrix-coin
1785,ulti-arena
1786,gas-dao
1787,wild-credit
1788,hiveterminal-token
1789,shakita-inu
1790,kineko
1791,wanaka-farm
1792,bitspawn
1793,projectx
1794,mch-coin
1795,powertrade-fuel
1796,dune
1797,coinmerge-(bep20)
1798,bitlocus
1799,furucombo
1800,revault-network
1801,top-network
1802,reucoin
1803,polkawar
1804,ninneko
1805,feathercoin
1806,liquidus
1807,shopnext
1808,polinate
1809,dingocoin
1810,crodex
1811,frogex
1812,wallstreetbets-dapp
1813,mistswap
1814,cykura
1815,thekey
1816,coinxpad
1817,horizon-protocol
1818,napoleon-x
1819,bullieverse
1820,nftfy
1821,egretia
1822,raven-protocol
1823,ureeqa
1824,any-blocknet
1825,afreum
1826,dimecoin
1827,plant-vs-undead-token
1828,dogemongo
1829,agave-token
1830,flare-token
1831,razor-network
1832,kanpeki
1833,game-ace-token
1834,kaiba-defi
1835,iron-bank
1836,blocksquare
1837,polis
1838,parallel
1839,flamengo-fan-token
1840,museum-of-crypto-art
1841,portion
1842,exrnchain
1843,ethpad
1844,disbalancer
1845,wiva
1846,hedget
1847,moonstarter
1848,stakenet
1849,kampay
1850,integral
1851,hakka-finance
1852,spendcoin
1853,sync-network
1854,hyprr
1855,cover-protocol
1856,polytrade
1857,ravendex
1858,carvertical
1859,unimex-network
1860,angel-nodes
1861,moonscape
1862,sarcophagus
1863,swapzapp
1864,gami-world
1865,uniqly
1866,fastswap-(bsc)
1867,float-protocol:-float
1868,devour
1869,verox
1870,renzec
1871,leonicorn-swap
1872,eosforce
1873,prosper
1874,bitcore
1875,ally-direct
1876,elondoge-token
1877,cpchain
1878,oceanex-token
1879,perth-mint-gold-token
1880,apreum
1881,coinmerge-(erc20)
1882,cool-cats-milk
1883,tycoon
1884,flits
1885,dfohub
1886,htmlcoin
1887,oin-finance
1888,bankless-defi-innovation-index
1889,elvantis
1890,xaurum
1891,filda
1892,masq
1893,boom-token
1894,cropperfinance
1895,revain
1896,defi-warrior
1897,odyssey
1898,baanx
1899,memetic
1900,yield-optimization-platform-&-protocol
1901,katana-inu
1902,mrweb-finance
1903,smoothy
1904,ethichub
1905,gunstar-metaverse
1906,definer
1907,newdex-token
1908,zusd
1909,leeds-united-fan-token
1910,snook
1911,fairgame
1912,legend-of-fantasy-war
1913,tadpole
1914,dexkit
1915,yin-finance
1916,auroracoin
1917,sw-dao
1918,rogue-doge
1919,goal-token
1920,1world
1921,poodl-token
1922,unitrade
1923,anji
1924,dev-protocol
1925,soldex
1926,cryptocart-v2
1927,xp-network
1928,pussy-financial
1929,eddaswap
1930,shih-tzu
1931,blackcoin
1932,onering
1933,meme-lordz
1934,euno
1935,metafabric
1936,nitro-league
1937,everlens
1938,bsc-station
1939,effect-network
1940,the-parallel
1941,abitshadow-token
1942,idexo-token
1943,terraland-token
1944,utu-coin
1945,potcoin
1946,integritee
1947,acryptosi
1948,whiteheart
1949,dogey-inu
1950,aichain
1951,sentinel-[old]
1952,dogecola
1953,golden-doge
1954,turtlecoin
1955,unistake
1956,8pay
1957,edgeless
1958,unicly-mystic-axies-collection
1959,metastrike
1960,pulsepad
1961,blackhat-coin
1962,omni
1963,etho-protocol
1964,sinovate
1965,metavault
1966,moonedge
1967,franklin
1968,talecraft
1969,hybrix
1970,rewards-bunny
1971,cub-finance
1972,dragon-kart-token
1973,openworld
1974,lendingblock
1975,shard-coin
1976,transient
1977,velhalla
1978,x-cash
1979,king-floki-v2
1980,float-protocol
1981,neumark
1982,blockbank
1983,aircoins
1984,iot-chain
1985,wowswap
1986,paypolitan-token
1987,otterclam
1988,mirrored-facebook
1989,elyfi
1990,spaceswap-milk2
1991,high-performance-blockchain
1992,wrapped-dgld
1993,babylons
1994,fantom-maker
1995,investin
1996,hydro-protocol
1997,mettalex
1998,veriblock
1999,topbidder
2000,herocoin
2001,libratoken
2002,leaguedao-governance-token
2003,mirrored-goldman-sachs
2004,algovest
2005,en-tan-mo
2006,formation-fi
2007,coreto
2008,wannaswap
2009,inari
2010,solape-token
2011,pathfundv2
2012,pist-trust
2013,polylastic
2014,resfinex-token
2015,b20
2016,impactmarket
2017,moola-market
2018,cryptokek
2019,obortech
2020,atlo
2021,clintex-cti
2022,kiwigo
2023,upfiring
2024,tryhards
2025,quark
2026,dinoswap
2027,waultswap
2028,lyra
2029,terablock
2030,decubate
2031,yusd
2032,value-defi
2033,handlefi
2034,peri-finance
2035,wasabix
2036,savage
2037,onx-finance
2038,lokr
2039,rendoge
2040,carbon
2041,prcy-coin
2042,sirin-labs-token
2043,edenchain
2044,dogewhale
2045,vibe
2046,cofix
2047,kaka-nft-world
2048,comfy
2049,emercoin
2050,purefi
2051,defidollar
2052,silva
2053,lgo-token
2054,openalexa-protocol
2055,abcc-token
2056,hush
2057,mirrored-airbnb
2058,score-token
2059,footballstars
2060,ftribe-fighters
2061,sumokoin
2062,tribeone
2063,props-token
2064,humandao
2065,basketdao-defi-index
2066,apyvision
2067,invest-like-stakeborg-index
2068,ryo-currency
2069,genesis-vision
2070,lunes
2071,crypto-cavemen
2072,scalara-nft-index
2073,helmet-insure
2074,swarm-markets
2075,raze-network
2076,ethermon
2077,cornichon
2078,mooncoin
2079,exodia
2080,coinspaid
2081,ceres
2082,chads-vc
2083,sekuritance
2084,alyattes
2085,throne
2086,metaverse-nft-index
2087,zenfuse
2088,plethori
2089,demole
2090,slam-token
2091,superlauncher-dao
2092,skrumble-network
2093,redpanda-earth
2094,davis-cup-fan-token
2095,bns-token-[old]
2096,pumapay
2097,piedao-balanced-crypto-pie
2098,mintdao
2099,sins-finance
2100,vidulum
2101,zeptacoin
2102,feeder-finance
2103,argentine-football-association-fan-token
2104,shoppingio-governance
2105,solidex
2106,portify
2107,cook
2108,exchangecoin
2109,beamswap
2110,bitwin24
2111,weown
2112,arcs
2113,wings
2114,behodler
2115,pontoon
2116,public-index-network
2117,fydcoin
2118,etna-network
2119,pop-network
2120,bismuth
2121,cryptozoon
2122,genesis-worlds
2123,swag-finance
2124,shibavax
2125,luna-rush
2126,wagmidao
2127,portugal-national-team-fan-token
2128,tastenft
2129,tabank
2130,centric-swap
2131,trava-finance
2132,dav-network
2133,butterfly-protocol
2134,dmm:-governance
2135,asia-coin
2136,edain
2137,data-economy-index
2138,nodeseeds
2139,cryptonovae
2140,tent
2141,anrkey-x
2142,thx-network
2143,earnbet
2144,seen
2145,next
2146,mochimo
2147,energy-ledger
2148,digitalnote
2149,evereth
2150,vault-hill-city
2151,gogocoin
2152,coin
2153,atromg8
2154,sc-corinthians-fan-token
2155,aston-martin-cognizant-fan-token
2156,treatdao-[old]
2157,potentiam
2158,stone-token
2159,wepower
2160,smileycoin
2161,9d-nft
2162,sapien
2163,coinary-token
2164,verve
2165,catpay
2166,asko
2167,falconswap
2168,fortress
2169,petrachor
2170,unique-utility-token
2171,subme
2172,indahash
2173,zeitcoin
2174,metawars
2175,finance-vote
2176,crystl-finance
2177,privapp-network
2178,linkeye
2179,nsure-network
2180,swarm-network
2181,viperpit
2182,elpis-battle
2183,dexsport
2184,digix-gold
2185,kally
2186,spore
2187,megacryptopolis
2188,murall
2189,stickman-battleground
2190,stream-protocol
2191,direct-insurance-token
2192,beach-token
2193,allive
2194,cnns
2195,bloom
2196,crypto-royale
2197,golff
2198,luxfi
2199,surffinance
2200,chi-gastoken-(bsc)
2201,release
2202,teloscoin
2203,beach-token-bsc
2204,power-index-pool-token
2205,yee
2206,the-three-kingdoms
2207,moonlana
2208,someesocial
2209,bob's-repair
2210,my-master-war
2211,freerossdao
2212,celestial
2213,swapfolio
2214,spores-network
2215,projectoasis
2216,mobifi
2217,cat-token
2218,geyser
2219,button
2220,kickio
2221,humaniq
2222,xfinance
2223,octofi
2224,alfa-romeo-racing-orlen-fan-token
2225,starterxyz
2226,bitscreener
2227,ionchain
2228,signaturechain
2229,eurocointoken
2230,treatdao
2231,ares-protocol
2232,ring
2233,quiverx
2234,hitchain
2235,matrix
2236,governor-dao
2237,ara-token
2238,aston-villa-fan-token
2239,dos-network
2240,snetwork
2241,multiverse-capital
2242,truechain
2243,starstream
2244,parex
2245,swarm-city
2246,glide-finance
2247,dark-magic
2248,unicly-fewocious-collection
2249,crowny-token
2250,synchrolife
2251,ore-network
2252,nanobyte
2253,reward-hunters-token
2254,ixicash
2255,ruff
2256,crd-network
2257,hoqu
2258,tripcandy
2259,zclassic
2260,defrost-finance
2261,seba
2262,halodao
2263,curecoin
2264,qiibee
2265,night-life-crypto
2266,eve-token
2267,scala
2268,defiato
2269,market-ledger
2270,darwinia-commitment-token
2271,archer-dao-governance-token
2272,piedao-defi-large-cap
2273,nucocloud
2274,ucash
2275,ethereum-gold
2276,bright-union
2277,blocksport
2278,cryptoids-admin-coin
2279,someesocial-[old]
2280,milkshake-swap
2281,skull
2282,hempcoin
2283,polylauncher
2284,solvent
2285,i̇stanbul-başakşehir-fan-token
2286,origin-sport
2287,coldstack
2288,covenants
2289,essentia
2290,dogecash
2291,ionomy
2292,duel-network
2293,berry-data
2294,merculet
2295,universidad-de-chile-fan-token
2296,draken
2297,sense
2298,ghostmarket
2299,holy-trinity
2300,gsenetwork
2301,momento
2302,primas
2303,xmax
2304,trustfi-network-token
2305,shoot
2306,starbots
2307,nafter
2308,unicly-aavegotchi-astronauts-collection
2309,defactor
2310,crypto-fight-club
2311,ost
2312,metabrands
2313,xmooney
2314,corgicoin
2315,faceter
2316,benzene
2317,debitum-network
2318,meta-doge
2319,warena
2320,sashimi
2321,freicoin
2322,omni-real-estate-token
2323,adamant-messenger
2324,exmo-coin
2325,bondappetite-usd
2326,katalyo
2327,bitball
2328,microtick
2329,sav3
2330,avaxtars
2331,sao-paulo-fc-fan-token
2332,hunny-finance
2333,chainswap
2334,daostack
2335,smaugs-nft
2336,gamerse
2337,pinkcoin
2338,lovelace-world
2339,yield-protocol
2340,empty-set-dollar
2341,hera-finance
2342,vegawallet-token
2343,polkaparty
2344,crown
2345,blue-protocol
2346,cotrader
2347,privateum
2348,young-boys-fan-token
2349,happycoin
2350,medishares
2351,phoenixcoin
2352,grape-protocol
2353,ulord
2354,xrhodium
2355,crowdhero
2356,spice
2357,cardence
2358,yieldwatch
2359,complifi
2360,scryinfo
2361,rabbit-finance
2362,aimedis
2363,union-protocol-governance-token
2364,medicalchain
2365,goose-finance
2366,solanax
2367,myriad
2368,tripio
2369,aga-token
2370,playcent
2371,atn
2372,fabwelt
2373,deltatheta
2374,gleec-coin
2375,base-protocol
2376,phoenixdao
2377,covercompared
2378,rocki
2379,x8x-token
2380,alpaca-city
2381,spaceswap-shake
2382,overlord
2383,unitedcrowd
2384,maza
2385,ideas
2386,mu-continent
2387,exrt-network
2388,cheems
2389,energyfi
2390,peps-coin
2391,world-token
2392,avaxlauncher
2393,plair
2394,axioms
2395,eosdac
2396,darleygo-essence
2397,fintrux
2398,evedo
2399,dprating
2400,veil
2401,2x2
2402,change
2403,karbo
2404,arth
2405,shadows
2406,unifarm
2407,viral
2408,moneytoken
2409,rune
2410,rise-of-defenders
2411,oikos
2412,amon
2413,kawakami
2414,crypto-phoenix
2415,peanut
2416,centaur
2417,nyzo
2418,items
2419,scifi-index
2420,0exchange
2421,rigoblock
2422,sentre
2423,wicrypt
2424,piedao-defi-small-cap
2425,hashgard
2426,superbid
2427,spherium
2428,moonienft
2429,openswap
2430,defidollar-dao
2431,gemlink
2432,piedao-defi++
2433,frakt-token
2434,dracula
2435,structure-finance
2436,stacker-ventures
2437,blox-token
2438,food-farmer-finance
2439,scorpion-finance
2440,sake
2441,monetaryunit
2442,sphere
2443,quasacoin
2444,defire
2445,symbull
2446,battle-pets
2447,minersdefi
2448,azuki
2449,wolfsafepoorpeople
2450,french-digital-reserve
2451,credefi
2452,samsunspor-fan-token
2453,ukrainedao-flag-nft
2454,oh!-finance
2455,nerian-network
2456,squid-moon
2457,genesis-pool
2458,acestarter
2459,forefront
2460,marginswap
2461,pixl-coin
2462,machi-x
2463,thoreum-[old]
2464,bittoken
2465,racex
2466,cindicator
2467,soul-swap
2468,kittenfinance
2469,nidhi-dao
2470,solana-ecosystem-index
2471,polkarare
2472,kangal
2473,denarius
2474,lotto
2475,robonomics-web-services
2476,tradestars
2477,dehive
2478,vdv-token
2479,cvnx
2480,flypme
2481,ten
2482,cougar-token
2483,amun-polygon-ecosystem-index
2484,pinkslip-finance
2485,mm-token
2486,natus-vincere-fan-token
2487,sint-truidense-voetbalvereniging-fan-token
2488,vipstarcoin
2489,mim
2490,ticoex-token
2491,as-monaco-fan-token
2492,polygen
2493,aitra
2494,widiland
2495,rainbowtoken
2496,liquidifty
2497,shar-pei
2498,rentible
2499,peachfolio
2500,hyperchain-x
2501,safemooncash
2502,waultswap-polygon
2503,cronosphere
2504,santa-coin
2505,wallstreetninja
2506,kawaii-islands
2507,joincoin
2508,litex
2509,yfdaifinance
2510,ledgerscore
2511,sether
2512,decentraweb
2513,tolar
2514,unlimitedip
2515,adbank
2516,suvereno
2517,thorus
2518,royale
2519,aircoin
2520,data-exchange-token
2521,crossswap
2522,iteration-syndicate
2523,yup
2524,sportsicon
2525,triall
2526,geodb
2527,nucleus-vision
2528,merge
2529,pera-finance
2530,zippie
2531,sugarbounce
2532,ragefan
2533,huckleberry
2534,kingdom-game-40
2535,graphene
2536,soldoge
2537,dough
2538,argoapp
2539,daps-coin
2540,safutitano
2541,nolimitcoin
2542,accel-defi
2543,gamyfi-token
2544,hashcoin
2545,canyacoin
2546,chain-wars
2547,robotina
2548,playermon
2549,ibuffer-token
2550,play-it-forward-dao
2551,snowball
2552,electrifyasia
2553,nft-platform-index
2554,fandom-chain
2555,polyient-games-governance-token
2556,lootboxio
2557,nami-corporation-token
2558,jade-currency
2559,travel-care
2560,socialgood
2561,qwertycoin
2562,infomatix
2563,crypto20
2564,deflect
2565,multiplier
2566,swapr
2567,bitcoin-plus
2568,dyor
2569,infinito
2570,polkadomain
2571,yoyow
2572,merkle-network
2573,lead-token
2574,komet
2575,lunaland
2576,matrix-labs
2577,mywish
2578,kitty-coin
2579,metagamehub-dao
2580,axial-token
2581,bomb
2582,2keynetwork
2583,catbonk
2584,bottos
2585,addxyz-(new)
2586,bnsd-finance
2587,inheritance-art
2588,aavegotchi-kek
2589,sail
2590,exzocoin-20
2591,hummingbot
2592,aca-token
2593,landshare
2594,asimi
2595,airight
2596,vault
2597,domani-protocol
2598,aetherv2
2599,krown
2600,coin-artist
2601,patientory
2602,avme
2603,lepasa
2604,zasset-zusd
2605,red
2606,legia-warsaw-fan-token
2607,data
2608,dios-finance
2609,imo
2610,definity
2611,adaboy
2612,ubex
2613,mercor-finance
2614,appcoins
2615,sator
2616,safeswap
2617,riverboat
2618,aluna
2619,oneroot-network
2620,traxia
2621,lepricon
2622,swincoin
2623,piedao-btc++
2624,reverse
2625,lendefi
2626,zerogoki
2627,coinfi
2628,herofi
2629,gg-token
2630,vig
2631,papel-token
2632,ddsstore
2633,true-pnl
2634,terracoin
2635,elite
2636,domraider
2637,ultralpha
2638,koromaru
2639,channels
2640,delphy
2641,basis-cash
2642,liq-protocol
2643,phoenix
2644,doex
2645,blockster
2646,apollon-limassol-fan-token
2647,0xmonero
2648,etherland
2649,spacecowboy
2650,aspire
2651,keyfi
2652,diamond-coin
2653,professional-fighters-league-fan-token
2654,naxar
2655,digital-reserve-currency
2656,alpha
2657,edc-blockchain
2658,aga-rewards
2659,tapmydata
2660,project-inverse
2661,neurotoken
2662,starbase
2663,centaurify
2664,crypto-sports
2665,saketoken
2666,dmarket
2667,relite-finance
2668,nasdex-token
2669,aavegotchi-alpha
2670,genix
2671,ethergem
2672,lightstreams-photon
2673,dether
2674,rasko
2675,lympo-market-token
2676,arqma
2677,palletonetoken
2678,dynamix
2679,calicoin
2680,argon
2681,alpha-impact
2682,nanjcoin
2683,decentralized-nations
2684,hodltree
2685,amoveo
2686,macaronswap
2687,cryptex
2688,menlo-one
2689,alchemydao
2690,etherparty
2691,snovianspace
2692,wrapped-gen-0-cryptokitties
2693,tosdis
2694,bgogo-token
2695,quai-dao
2696,iht-real-estate-protocol
2697,kulupu
2698,qchi
2699,moonpoly
2700,lunachow
2701,coliquidity
2702,solanasail-governance-token
2703,meta-bsc
2704,ethereum-yield
2705,arcane-token
2706,sekuya
2707,yetiswap
2708,dogeville
2709,umi-digital
2710,4thpillar-technologies
2711,dark
2712,meliora
2713,cardwallet
2714,apyswap
2715,bitorbit
2716,cockapoo
2717,nyan-v2
2718,minikishu
2719,investdex
2720,indorse
2721,black-phoenix
2722,potent-coin
2723,content-neutrality-network
2724,toshimon
2725,spindle
2726,b21
2727,ebox
2728,zeedex
2729,nftify
2730,nft-stars
2731,bull-coin
2732,metafluence
2733,zoracles
2734,moonfarm-finance
2735,invictus-capital-token
2736,myra-ai
2737,sureremit
2738,fire-lotto
2739,localtrade
2740,cre8r-dao
2741,robust-token
2742,melx
2743,spiderdao
2744,auctus
2745,believer
2746,substratum
2747,cryptomeda
2748,carbon-gems
2749,remme
2750,media-eye
2751,typerium
2752,metarun
2753,optionroom
2754,polkacipher
2755,parasol-finance
2756,hanu-yokia
2757,cashcow
2758,totemfi
2759,ink
2760,riecoin
2761,deathroad
2762,parachute
2763,genomesdao
2764,ownly
2765,x-consoles
2766,propel
2767,bankroll-network
2768,lien
2769,tanks
2770,blind-boxes
2771,stobox
2772,infinitypad
2773,the-champcoin
2774,defhold
2775,bitto
2776,blocks-space
2777,knit-finance
2778,fanstime
2779,snowswap
2780,fufu
2781,mytoken
2782,happyfans
2783,ysl
2784,graviocoin
2785,samurai-legends
2786,dogedi
2787,2gether
2788,the-corgi-of-polkabridge
2789,kuramainu
2790,aidcoin
2791,pepemon-pepeballs
2792,moneybyte
2793,bitmoney
2794,quantis
2795,bountymarketcap
2796,node-squared
2797,astrotools
2798,atlantis-loans
2799,pascal
2800,hertz-network
2801,recharge-finance
2802,soakmont
2803,alex
2804,libre-defi
2805,oogi
2806,pinkmoon
2807,dfund
2808,trinity-network-credit
2809,depocket
2810,keytango
2811,okcash
2812,piratecash
2813,mobilego
2814,fortress-loans
2815,islander
2816,plutos-network
2817,dexfolio
2818,club-atletico-independiente-fan-token
2819,dogebnborg
2820,cryptotycoon
2821,nil-dao
2822,less-network
2823,hakuswap
2824,the-bitcoin-family
2825,cream-eth-2
2826,goldmint
2827,twinci
2828,ghospers-game
2829,niftify
2830,safcoin
2831,everex
2832,banca
2833,otcbtc-token
2834,odem
2835,xsigma
2836,unicake
2837,mochi-market
2838,alanyaspor-fan-token
2839,cato
2840,alliance-fan-token
2841,block-commerce-protocol
2842,paypie
2843,chartex
2844,motacoin
2845,stox
2846,moontools
2847,levante-ud-fan-token
2848,stater
2849,daoventures
2850,more-token
2851,defiville-island
2852,fantomstarter
2853,grimtoken
2854,dfsocial-gaming
2855,gowithmi
2856,crdt
2857,axis-defi
2858,bondappetit-governance-token
2859,balpha
2860,sharder-protocol
2861,doki-doki
2862,dino-exchange
2863,teneo
2864,xp
2865,work-quest
2866,avaware
2867,donut
2868,basis-share
2869,non-fungible-toke
2870,phu-quoc-dog
2871,bonfi
2872,pakcoin
2873,omnitude
2874,zlot
2875,curio-governance
2876,ladz
2877,golden-ball
2878,bobo-cash
2879,bartertrade
2880,unity-network
2881,piplcoin
2882,ormeus-ecosystem
2883,tradao
2884,zipper-network
2885,u-network
2886,sacks
2887,waggle-network
2888,block-logic
2889,wenlambo
2890,wrapped-cryptokitties
2891,wtf-token
2892,checkdot
2893,codi-finance
2894,pentagon-finance
2895,blitzpick
2896,sway-social
2897,mars
2898,zeepin
2899,qbao
2900,xion-finance
2901,metaverse-exchange
2902,kurobi
2903,hydro
2904,dinamo-zagreb-fan-token
2905,metaverse-miner
2906,lucha
2907,ethereum-stake
2908,nemesis-dao
2909,united-emirate-decentralized-coin
2910,ultrain
2911,unipower
2912,silver-stonks
2913,krypto-kitty
2914,bcpay-fintech
2915,bintex-futures
2916,wault
2917,element
2918,mmaon
2919,hugo-game
2920,giga-watt-token
2921,xiasi-inu
2922,vodi-x
2923,yfbitcoin
2924,peseta-digital
2925,merchdao
2926,pundi-x-nem
2927,tacos
2928,netcoincapital
2929,blockmason-credit-protocol
2930,srh
2931,tiki-token
2932,dark-matter
2933,upstabletoken
2934,flurry-finance
2935,lever-network
2936,defipie
2937,unclemine
2938,team-heretics-fan-token
2939,squiddao
2940,skyrim-finance
2941,bitdegree
2942,vicewrld
2943,crea
2944,x42-protocol
2945,pocket-arena
2946,ibiza-token
2947,etha-lend
2948,battle-saga
2949,kobocoin
2950,benchmark-protocol
2951,utopia-genesis-foundation
2952,gaur-money
2953,rare
2954,smartshare
2955,globalboost-y
2956,dogeswap
2957,dragonbite
2958,zeusshield
2959,chronobase
2960,iridium
2961,aaachain
2962,minerva-wallet
2963,polkainsure-finance
2964,endor-protocol-token
2965,somee-advertising-token
2966,seigniorage-shares
2967,bittube
2968,palgold
2969,latiumx
2970,ethernaal
2971,cerberusdao
2972,audiocoin
2973,bounty0x
2974,wetrust
2975,kassandra
2976,owndata
2977,team-vitality-fan-token
2978,phore
2979,genesis-nft
2980,ydragon
2981,acoconut
2982,open-governance-token
2983,ethereum-gold-project
2984,xiotri
2985,bscwin-bulls
2986,value-finance
2987,node-runners
2988,tipinu
2989,alphacat
2990,pivot-token
2991,foresight
2992,adamant-coin
2993,flixxo
2994,one-cash
2995,safewhale
2996,riskmoon
2997,0xcert
2998,catex-token
2999,qao
3000,solchicks-shards